/*
    Dieses Script benutzen wir um die Daten in die Datenbank.
    Ausführen kann man es einfach per copy+paste unter https://www.eberle-zentrum.uni-tuebingen.de/lehre/db24w/_settings/?mode=plugin&func=cockpit_sql
*/


/*
======
REGION
======
*/

INSERT INTO Region (Name, Type, Geometry, Elevation, Parent_Region_ID) VALUES
('Afrika', 'Continent', NULL, 500, NULL),
('Kamerun', 'Country', ST_GeogFromText('POLYGON ((8.390808021649718 4.366266632769421, 8.410034137777986 4.5688960436471655, 8.547363239340484 4.708512870845025, 8.52813712321222 4.809785938226185, 8.60504142008722 4.820733574026983, 8.60504142008722 4.891888262606401, 8.64624015055597 4.927462903135297, 8.808288490399718 5.179166014502139, 8.82476798258722 5.329593292656582, 8.83575431071222 5.460845143164984, 8.93188468180597 5.603002197105216, 8.846740638837218 5.715063218932192, 8.887939369305968 5.802510180374494, 8.84124747477472 5.813440195015262, 8.87420645914972 5.879015310876055, 9.168090820312502 6.124852482937929, 9.209289550781252 6.198581692944951, 9.264221191406252 6.198581692944951, 9.35211173258722 6.367846889043929, 9.42626944743097 6.332360390591218, 9.467468177899718 6.463375233397414, 9.58007804118097 6.474291614703284, 9.61029044352472 6.553428296329536, 9.67346183024347 6.5506996533817965, 9.71466056071222 6.5370562149305, 9.739379882812502 6.775080274820493, 9.942626785486938 6.785989760989516, 10.134887527674437 7.042290522906131, 10.206298660486937 6.916884203915229, 10.519409012049437 6.9332433066869195, 10.563354324549437 7.222162372907666, 10.673217605799437 7.058645570408378, 10.85998518392444 6.9441493370932195, 10.827026199549437 6.845987506218397, 10.942382644861937 6.6877953674816055, 11.096191238611937 6.7150735335817595, 11.107177566736937 6.5350098335825795, 11.15661604329944 6.518637149164611, 11.249999832361937 6.562296449318315, 11.354369949549437 6.518637149164611, 11.436767410486937 6.540467276022773, 11.431274246424437 6.622321733548858, 11.53564436361194 6.644147303142145, 11.596069168299437 6.780535048777485, 11.54663069173694 6.867803001641021, 11.672973129898311 7.015031106704675, 11.865233872085811 7.102255757198331, 11.90368635579944 7.391067616556778, 11.917419182136657 7.469368622411054, 12.021789299324155 7.540168042452547, 11.988830314949157 7.6926196375477, 12.098693596199155 7.861341233138899, 12.148132072761657 7.907591899436547, 12.192077385261657 8.111575925417572, 12.241515861824157 8.193140710431337, 12.257995354011655 8.467618354225834, 12.329406486824155 8.445884603453782, 12.458495842292907 8.543676714254133, 12.417297111824157 8.630582154839448, 12.571105705574157 8.627866664171705, 12.683715568855407 8.66588167089798, 12.719421135261657 8.788046914491654, 12.788085686042907 8.77447497654459, 12.799072014167907 8.942731781277509, 12.889709221199157 9.097351043337795, 12.889709346927704 9.139045953566736, 12.89382921997458 9.198698706463194, 12.914428585208954 9.244787089929556, 12.92678820434958 9.34101111778344, 12.89108263794333 9.34914150820459, 12.85263048950583 9.376241436920962, 12.944640987552702 9.427725424726855, 12.988586300052704 9.480556351444033, 13.219299190677704 9.571298089600164, 13.237152057699863 9.70262747180202, 13.301696651615204 9.829845999021497, 13.23440539184958 9.905612609586926, 13.286590450443327 9.97459909057073, 13.246764885261657 10.034443177869147, 13.298949943855407 10.0696008169677, 13.307189689949157 10.120977923497959, 13.460998283699157 10.137200566573428, 13.504943596199157 10.191270105395184, 13.499450432136657 10.358827020408064, 13.554382072761657 10.504691105417965, 13.546142326667907 10.626191837781235, 13.60656729899347 10.728754846669665, 13.669738518074157 10.83398063807961, 13.719177120365204 10.866013117524354, 13.716430538333954 10.961753246887264, 13.741149860434238 11.025113464707527, 13.801574581302704 11.021069561345286, 13.985594697296621 11.353490884946494, 14.166869865730407 11.249123519247172, 14.235534416511657 11.308381352285787, 14.436034904792907 11.44301258005281, 14.625549064949157 11.539907473780154, 14.655761467292907 11.655599186068418, 14.556884597986937 11.70670346254252, 14.595336662605407 11.781997804128407, 14.636535393074157 11.945960297422396, 14.642028557136657 12.077596079588366, 14.677734123542907 12.198429083078125, 14.598083244636657 12.217220439430909, 14.216308342292907 12.383599336636676, 14.15588362142444 12.439929470067408, 14.175109695643187 12.515017401500693, 14.205322014167907 12.544510247995028, 14.131164299324157 12.890126818194716, 14.081725822761657 13.090848484277153, 14.479980217292907 13.088173265467722, 14.565124260261657 12.903513255350333, 14.576110588386657 12.863351674660487, 14.540405021980407 12.815149374143147, 14.545898186042907 12.740149563941836, 14.595336662605407 12.740149563941836, 14.721679436042907 12.734791583577037, 14.699706779792907 12.678525961490479, 14.762878166511657 12.662447701817374, 14.842529045417907 12.622247824599953, 14.850768791511657 12.541829137772293, 14.850768791511657 12.447975601049071, 14.883727775886657 12.461385333224202, 14.935912834480407 12.375551174823611, 14.900207268074157 12.337989808919565, 14.90295401774347 12.211851628248702, 14.900207268074157 12.171582076935177, 14.966125236824157 12.115194452045507, 15.029296623542907 12.09908151137181, 15.048522917786615 12.072979556882986, 15.058479277649898 12.0420906869114, 15.041999785462396 12.035711033213783, 15.056419341126459 12.00918343886551, 15.084571806946771 12.003474627370048, 15.078048674622552 11.978958945122505, 15.04989620880224 11.968883361645483, 15.061912505188959 11.92421040125335, 15.051269531250002 11.856935105277588, 15.082855224609377 11.860127145035907, 15.111694335937502 11.78821506111289, 15.082855224609377 11.758638243289752, 15.10826110839844 11.585819621505802, 15.134353637695312 11.522582902155877, 15.07804870605469 11.433758395282199, 15.117187500000002 11.049712263276284, 15.032043457031252 11.036233634507, 15.095214843750002 10.89062518559062, 15.169372558593752 10.672079237984406, 15.336914062500002 10.371660215460267, 15.573120117187502 10.063853853614775, 15.666503906250002 10.001648424734698, 15.422058105468752 9.936725796608526, 15.246276855468752 9.993533798757202, 15.118560791015625 9.989476409815467, 15.058135986328127 9.950252377138058, 14.952392578125002 9.975951414610643, 14.797210693359377 9.93943112447104, 14.451141357421877 10.007058062800112, 14.210815429687502 10.00469131596092, 14.122924804687502 9.826124747064501, 14.017181396484377 9.73782028097483, 13.970489501953125 9.640353766339238, 14.043273925781252 9.602442498644615, 14.100952190347018 9.511709052073893, 14.161376953125 9.50087359401735, 14.197082519531252 9.443981821427139, 14.268493652343752 9.365401470960645, 14.305572509765627 9.377596212453916, 14.383850181475282 9.284092831718896, 14.375610351562502 9.236654069251616, 14.346771240234375 9.202765325916646, 14.456634521484377 9.111927593116482, 14.488220214843752 9.063109658164622, 14.831543052569035 8.812135797075227, 14.896087730303407 8.837919428712512, 14.935913169756532 8.775492723437441, 14.900207603350285 8.764634928346767, 14.983978271484377 8.734774087960963, 14.979858398437502 8.692693492141647, 15.095214843750002 8.668257403678327, 15.210571289062502 8.5121006292509, 15.398712158203127 8.085403542571404, 15.384979248046877 8.045972062733995, 15.520935058593752 7.791615672503019, 15.607452392578127 7.757598983669631, 15.590972900390627 7.652810345245737, 15.487976074218752 7.505790751215488, 15.249023437500002 7.285168430305113, 15.217437827959657 7.24021342038363, 15.238037193194032 7.206153609652018, 15.206451416015627 7.087605587394481, 15.158386230468752 7.0630745852271355, 15.143280029296877 6.9594848644875436, 15.063629150390627 6.767238596240654, 14.952392578125002 6.750873638777785, 14.797210693359377 6.3959953259300635, 14.6173095703125 6.201994754217926, 14.441528487950565 6.136458531508449, 14.523925948888065 5.934338141233068, 14.644775390625002 5.928874387781916, 14.611816406250002 5.5517474198032675, 14.5458984375 5.294724609080335, 14.655761718750002 5.152495192275271, 14.727172851562502 4.670873636261294, 14.880981445312502 4.402551844143351, 15.084228515625002 4.260137186518066, 15.243530273437502 4.068384109483418, 15.023803710937502 3.99167030981093, 15.581359863281252 3.341381191033947, 15.803833049722018 3.1192616778127036, 15.880737304687502 3.122004187022666, 15.946655273437502 3.0068127127627937, 16.015319824218754 3.0342403751248725, 16.100463867187504 2.823029724436805, 16.048278808593754 2.8120568447702246, 16.072998046875004 2.6481346373407435, 16.072998046875004 2.510944723546091, 16.215820312500004 2.1706533259656267, 16.111450195312504 2.209077307971244, 16.051025390625004 2.038906279114818, 16.177368164062504 1.7204746967345974, 16.045532394200563 1.643603375306302, 15.721435546875002 1.9181286538445745, 15.331420898437502 1.9400890243381028, 15.128173828125002 2.044395872309422, 15.0018310546875 2.0114574469047892, 14.782104492187502 2.044395872309422, 14.562377929687502 2.2529892241129126, 14.216308593750002 2.2145662957283467, 13.936157226562502 2.1644780218908823, 13.282470703125002 2.1644780218908823, 13.303070068359377 2.2327490764920155, 13.135528564453127 2.286265782954563, 12.62603759765625 2.238238059948105, 12.095947433263065 2.302388640111043, 11.40380859375 2.3078773590799404, 11.337890708819032 2.1651639260606452, 11.09619140625 2.1816315633727226, 10.371093750000002 2.1816315633727226, 10.140380859375002 2.1541854016881685, 9.986572265625002 2.1706531584478594, 9.865722656250002 2.2529892241129126, 9.832763839513063 2.3627633749902746, 9.607543945312502 2.395693611488248, 9.640503097325565 2.467040787139982, 9.706420898437502 2.8456611389312663, 9.717407226562502 3.0760658834027517, 9.700927734375002 3.1693108363786973, 9.431762695312502 3.4709274066474545, 9.437255859375002 3.690224918693495, 9.080200195312502 3.7834103255623446, 8.789062500000002 4.008109493705973, 8.701171875000002 4.276571138202904, 8.390808021649718 4.366266632769421))'), 500, 1),
('Nord', 'Province', ST_GeogFromText('POLYGON ((13.43078596517444 10.12706118075535, 13.28796369954944 10.132468717070843, 13.244018387049437 10.045937223048917, 13.28796369954944 9.991843267457003, 13.20556623861194 9.932329524023626, 13.29345686361194 9.851156983346087, 13.21105940267444 9.526268658127938, 12.859496902674437 9.401645532743867, 12.93090803548694 9.37454758791821, 12.810058426111937 8.734434788367363, 12.733154129236937 8.772439060195396, 12.66723616048694 8.642122606444811, 12.52441389486194 8.58237913141625, 12.45300276204944 8.614967651175489, 12.46398909017444 8.549787814001675, 12.348632644861937 8.457430313728908, 12.337646358646454 8.403092209410962, 12.266235183924437 8.462864035194539, 12.23876936361194 8.174789919410925, 12.29232783894986 8.1982377487908, 12.274475076701496 8.145223248250085, 12.359619098715488 8.047331832905176, 12.439269977621738 7.982057731991789, 12.45986934285611 7.9956573658059, 12.521667438559238 7.956217181319826, 12.54775996785611 7.980697702198722, 12.59170528035611 7.963017484371186, 12.626037555746734 7.982057731991789, 12.645263629965484 7.973897692879769, 12.6287841796875 7.938535865692315, 12.653503376059234 7.9126925330570845, 12.643890338949863 7.893649112474573, 12.653503376059234 7.848757483118105, 12.635650634765627 7.840594846918893, 12.642517089843752 7.805221574985822, 12.635650634765627 7.761681048788698, 12.689208942465488 7.734465979843492, 12.741394001059238 7.7589597041297385, 12.741394001059238 7.716775326150742, 12.74551387410611 7.693640086137445, 12.807311969809234 7.663698681442719, 12.91580196004361 7.662337654636469, 12.987213176675143 7.644643910614823, 13.07510371785611 7.6119765283087695, 13.169860797934234 7.602448179746296, 13.22891231160611 7.609254223945552, 13.245391803793613 7.606531819221152, 13.265991169027984 7.62831057281653, 13.246765094809234 7.646004910833429, 13.263244586996734 7.686835387861668, 13.287963825277988 7.707249155073189, 13.293456989340488 7.750795315348641, 13.285217243246738 7.7589597041297385, 13.309936565347018 7.782091194611981, 13.293456989340488 7.820187556170148, 13.336029010824863 7.858280356069636, 13.342895465902984 7.8759650287773715, 13.322296100668613 7.908611906674802, 13.355255105998367 7.939895993930113, 13.32366943359375 7.976617751682568, 13.428039550781252 7.960297376693274, 13.414306640625002 7.923574158080922, 13.518676757812502 7.929014842001533, 13.585968017578125 7.908611906674802, 13.606567382812502 7.930375001740626, 13.668365478515625 7.935815595710163, 13.701324462890627 7.958937316082248, 13.712310791015627 7.944486393482061, 13.712310791015627 7.9349654868941615, 13.744583150837572 7.916603176727858, 13.744583150837572 7.873754537840375, 13.72741701314226 7.858110306681743, 13.763122558593752 7.813895106707385, 13.783721923828127 7.756748531146441, 13.832473754882812 7.739058729096073, 13.857879638671877 7.71932692043891, 13.88328552246094 7.708440010864539, 13.874359130859377 7.671014125973459, 13.89701843261719 7.654001270566328, 13.872985839843752 7.6220152656381455, 13.911437988281252 7.589346240942699, 13.948516845703127 7.587984977643609, 13.984222412109377 7.575052761527143, 14.007568359375 7.557355415809778, 14.085845947265627 7.554632682825088, 14.115371704101564 7.575052756334174, 14.14146423339844 7.553271309897507, 14.13597106933594 7.512428131008203, 14.149017333984377 7.481793225827304, 14.182662963867188 7.475665986358836, 14.224548339843752 7.456602893231231, 14.21287536621094 7.40417519077082, 14.238967895507814 7.395323119830976, 14.24102783203125 7.373532722844582, 14.282226562500002 7.325862449235666, 14.316558837890627 7.303387549557394, 14.349517822265625 7.305430768998504, 14.32960514444858 7.284998154666402, 14.359817504882814 7.268651350797195, 14.350204509682955 7.23527490698188, 14.363937419839205 7.198489798988238, 14.339904827065768 7.1991710318477224, 14.320678710937502 7.167833262930711, 14.38865661621094 7.148075734922956, 14.396209716796877 7.161020418902409, 14.405136150307955 7.147394425600468, 14.433288574218752 7.166470660689892, 14.008255004882814 7.262521203071941, 14.445648193359377 7.152844871727126, 14.51225280761719 7.16374556873264, 14.53422546386719 7.124229263207395, 14.57267761230469 7.072444219068159, 14.565124511718752 7.060625669751214, 14.568471908569338 7.0591776134197355, 14.579629900690634 7.063862493569185, 14.588212969538292 7.074765303536546, 14.608812332153322 7.066843756224409, 14.643402099609377 7.062946816180292, 14.654560089111328 7.045229166780791, 14.648723602294924 7.041310748978284, 14.650096893310549 7.0324515954396745, 14.648895274149256 7.016436543046138, 14.755325317382812 7.038371913903576, 14.820556640625002 7.080621198720183, 14.87754821777344 7.076532727002876, 14.904327413532885 7.108558117854831, 14.968872070312502 7.1405812765164525, 15.054016113281252 7.180096125393327, 15.08079528808594 7.174646005084166, 15.10276794433594 7.1467130944701, 15.170745849609377 7.197127330200313, 15.191345214843752 7.21279547405864, 15.212974548339846 7.226674952951305, 15.23082733154297 7.249494273370002, 15.24181365966797 7.274015239385215, 15.267906188964846 7.287977969003, 15.493469238281252 7.518384667571774, 15.564880454912785 7.613678094763353, 15.603332519531252 7.77698883425341, 15.504455566406252 7.804201147652398, 15.402832031250002 8.043592453958102, 15.405578613281252 8.097980014951235, 15.199584960937502 8.52737966577589, 15.150146484375002 8.540960518756822, 15.103454589843752 8.67945747505842, 14.990844726562502 8.690317831170653, 14.978485107421877 8.746990117409867, 14.915313720703127 8.757848593515375, 14.92767333984375 8.783636006299396, 14.885101318359375 8.831134437183096, 14.832916259765627 8.829777423894042, 14.493713378906252 9.06582194006815, 14.456634521484377 9.133622314052385, 14.349517822265625 9.20005416873476, 14.38110353657976 9.292224629987832, 14.333038351032885 9.322039282935657, 14.311065673828127 9.376241271522577, 14.272613525390625 9.376241271522577, 14.173736572265627 9.464301393330832, 14.066619873046877 9.579422871466951, 13.984222412109377 9.643061551193068, 14.028167724609377 9.748648142833789, 14.149017333984377 9.831199002239321, 14.197769165039064 9.983221169383942, 14.206695567118008 10.004860449474977, 14.209442138671877 10.056923953951774, 14.223861704813318 10.073825887180787, 14.214935302734377 10.0941070377518, 14.104385375976564 10.126554219551368, 14.103355407714846 10.11497838747504, 14.092369079589844 10.111598503773937, 14.073143026325853 10.110584521414804, 14.05632019042969 10.13863657683174, 14.044990539550783 10.143030048364992, 14.052200317382814 10.171755106511315, 14.015464782714844 10.171417179656082, 13.999328613281252 10.18493397482859, 14.008255004882814 10.196169374833604, 13.991775512695312 10.213063967098934, 13.976669332478197 10.215091257889174, 13.975982666015627 10.228606199375903, 13.909378062235193 10.226578994805006, 13.868865966796877 10.239417738446171, 13.840026855468752 10.234687735424897, 13.815994262695314 10.245499067254496, 13.77616882324219 10.24076915492679, 13.755569458007812 10.248201842614133, 13.72673034667969 10.248201842614133, 13.698577880859377 10.259688380662459, 13.679351806640627 10.25766137481011, 13.67179870605469 10.219145800689365, 13.591461181640625 10.255634355980261, 13.57463836669922 10.233251827699018, 13.564682006835938 10.213317379154509, 13.562965393066408 10.194057487768251, 13.666992187500002 10.157899791722746, 13.700294494628908 10.143705961713618, 13.70647430419922 10.142692091155729, 13.670082092285158 10.135932872096099, 13.641929626464846 10.124103895771926, 13.61309051513672 10.130187423807431, 13.58665466308594 10.121062088497148, 13.563995371805506 10.082530027029245, 13.555755615234377 10.080501906852593, 13.54717254638672 10.085910216147983, 13.554382324218752 10.093008508142866, 13.553009033203127 10.102472640206281, 13.529663085937502 10.093346517652636, 13.510437011718752 10.09469855214205, 13.493442540639084 10.089586141867917, 13.457736971613485 10.082487774440837, 13.436450959561627 10.077755459801404, 13.423919680353722 10.083544092646342, 13.42357635498047 10.105514623516122, 13.411216735839846 10.120724097817114, 13.43078596517444 10.12706118075535))'), 350, 2),
('Extrême-Nord', 'Province', ST_GeogFromText('POLYGON ((13.408813644200565 10.154097949808914, 13.408813644200565 10.078389257351695, 13.535156250000002 10.10543012436838, 13.699951171875 10.154097949808914, 13.590087890625002 10.181132434056531, 13.568115234375002 10.283842369143864, 13.645019531250002 10.251411358414295, 13.716430664062502 10.283842369143864, 13.969116210937502 10.246005839389985, 13.991088867187502 10.197352025474883, 14.046020507812502 10.17572555526992, 14.172363281250002 10.110838025040596, 14.210815764963629 10.018891373074043, 14.793090820312502 9.943151011771802, 14.996337890625002 10.013481767130743, 15.100708007812502 9.981023394938521, 15.161132812500002 10.024300723707235, 15.441284179687502 9.948561621312287, 15.72143588215113 10.013481767130743, 15.523681640625002 10.10543012436838, 15.309448577463629 10.316270379412671, 15.28198275715113 10.456752313503298, 15.144653655588629 10.570172142207507, 15.172119475901129 10.661957374195262, 15.073242187500002 10.867024493996666, 15.0787353515625 10.996467996827835, 15.0787353515625 11.298281121130604, 15.045776367187502 11.459836504946654, 15.117187500000002 11.583633483895829, 15.067749023437502 11.734268627679059, 15.111694335937502 11.825685630908605, 15.045776367187502 11.895572163340905, 15.051269531250002 12.024546051965253, 15.007324218750002 12.131977239279097, 14.935913085937502 12.148088356779681, 14.880981445312502 12.20715350145174, 14.891967773437502 12.389634967649153, 14.859008789062502 12.470101041753106, 14.853515625000002 12.598794732357963, 14.787597656250002 12.679195536451878, 14.716186523437502 12.663117400803715, 14.716186523437502 12.759570884064612, 14.644775390625002 12.759570884064612, 14.584350585937502 12.781000108972512, 14.540405441075565 12.823852938612811, 14.556884765625002 12.893473218858489, 14.485473800450565 13.080815937441857, 14.089965820312502 13.091516957879143, 14.205322265625002 12.545180173463198, 14.183349777013065 12.475464560067579, 14.183349777013065 12.42182438562699, 14.238281417638065 12.39500014682119, 14.370117187500002 12.384269678111284, 14.4635009765625 12.352075625709524, 14.5458984375 12.271573182652983, 14.600830078125002 12.212522244068694, 14.683227539062502 12.201784486149702, 14.655761718750002 12.142718147196966, 14.661254882812502 12.003054816051637, 14.611816406250002 11.879446091788807, 14.6173095703125 11.777292182753003, 14.534912109375002 11.701996391491628, 14.650268554687502 11.658961270591364, 14.661254882812502 11.567489005122296, 14.562377929687502 11.497519728936451, 14.490966796875002 11.449069157130223, 14.419555664062502 11.416764163253044, 14.216308593750002 11.303667780023039, 14.210815597325565 11.24440897484637, 14.111938476562502 11.260571678401696, 14.007568359375 11.30905433768969, 13.952636718750002 11.319827149162823, 13.870239257812502 11.104294041567856, 13.798828292638065 11.012644546445717, 13.727416992187502 10.991075726040743, 13.727416992187502 10.942539789244119, 13.754882812500002 10.920966183278152, 13.699951171875 10.84004998988919, 13.645019531250002 10.780697199084072, 13.595581054687502 10.667355820342438, 13.562622070312502 10.618767514859996, 13.557128906250002 10.559372051427728, 13.535156250000002 10.456751983795371, 13.46923828125 10.343291032584506, 13.46923828125 10.305461138429749, 13.441772460937502 10.22438251196568, 13.408813644200565 10.154097949808914))'), 300, 2),
('Adamaoua', 'Province', ST_GeogFromText('POLYGON ((14.41406283527613 6.038139110789942, 14.436035156250002 6.12007321309052, 14.501953125000002 6.081838851776646, 14.622802734375 6.240220461451296, 14.727172851562502 6.283903568649174, 14.804077148437502 6.343961848265028, 14.782104492187502 6.436765401012172, 14.952392578125002 6.791444078484329, 15.056762695312502 6.780534715846384, 15.139160156250002 6.95505461545472, 15.122680664062502 7.08045084645532, 15.227050781250002 7.118608179729221, 15.227050781250002 7.238510324532598, 15.0787353515625 7.178563285655352, 14.886474609375002 7.134960352110821, 14.721679687500002 7.0422903565327415, 14.628295898437502 7.004126726629384, 14.628295898437502 7.08045084645532, 14.49646029621363 7.069548170712811, 14.507446289062502 7.173113146986745, 14.331665374338629 7.167662943071209, 14.370117187500002 7.254858348915568, 14.19433627277613 7.445539142972754, 14.095458984375002 7.581689078854193, 13.870239257812502 7.608913924299914, 13.89221224933863 7.723239335097159, 13.749389648437502 7.793996654329584, 13.688964843750002 7.968117637574777, 13.430786132812502 7.930034962227505, 13.392333984375 8.027954677595163, 13.298950195312502 8.01163635612208, 13.282470703125002 7.777669163627332, 13.249511718750002 7.668802493214545, 13.123168945312502 7.587134185893754, 12.947387695312502 7.674246325492421, 12.771606445312502 7.657914287480519, 12.711181640625 7.77222649774944, 12.656250000000002 7.864742015118835, 12.606811523437502 7.978997751976295, 12.496948242187502 7.984437700606058, 12.354125976562502 8.049711419725739, 12.249755859375 8.191101627913403, 12.1783447265625 8.066028209767085, 12.194824218750002 7.973557730949829, 12.062988281250002 7.859300650934153, 12.030029296875002 7.706909016739955, 11.991577316075565 7.668802493214545, 12.030029296875002 7.554462511443738, 11.909179687500002 7.472772537828222, 11.953125000000002 7.423751208739365, 11.865234375 7.358380940700159, 11.914672851562502 7.2875522824538725, 11.8597412109375 7.189463367057662, 11.892700195312502 7.096804376787044, 11.77734375 7.053193674788732, 11.651000976562502 7.015030940321527, 11.585083007812502 6.867802668770605, 11.618041992187502 6.796898667064052, 11.513671875000002 6.720528650544984, 11.49169921875 6.595037914905755, 11.414794921875 6.6114082535287215, 11.387329101562502 6.513178969154131, 11.282959152013065 6.551381648974565, 11.200561691075565 6.556838912478826, 11.200561691075565 6.409471987740317, 11.200561691075565 6.289363699721321, 11.310424972325563 6.25660205479493, 11.255493331700565 6.136458531508449, 11.277465820312502 6.032676394740438, 11.277465820312502 5.972582896218063, 11.640014816075565 6.076376577831838, 11.749878097325565 6.201994754217926, 11.986083984375002 6.3112036500479745, 12.008056640625 6.196533712254156, 12.112426757812502 6.152843346154441, 12.227783203125002 6.201994754217926, 12.3980712890625 6.081838851776646, 12.502441406250002 5.978046215030094, 12.524414062500002 5.972582896218063, 12.531280538532885 5.992557890595556, 13.820800781250002 5.99375295257755, 13.837280273437502 6.029262169255306, 13.894958496093752 6.064769061699053, 13.980102539062502 6.0729626284626805, 14.015808273106815 6.02106794043926, 14.381103515625002 6.004679112142756, 14.41406283527613 6.038139110789942))'), 1250, 2),
('Nord-Ouest', 'Province', ST_GeogFromText('POLYGON ((10.211791992187502 6.900523952008727, 10.156860351562502 6.960507326113334, 10.173339843750002 7.064096653148118, 9.876708984375002 6.764170125688676, 9.750366210937502 6.824170680620874, 9.706420898437502 6.507721396011065, 9.742126464843752 6.449729258880717, 9.780578613281252 6.302331281090803, 9.816284179687502 6.228616522882749, 9.777832031250002 6.204042630374296, 9.797058105468752 6.168544986241183, 9.742126464843752 6.133044965004413, 9.700927734375002 6.083887023510219, 9.624023437500002 6.040187615107922, 9.643249511718752 5.969168294280697, 9.604797363281252 5.922727600474953, 9.618530273437502 5.87628300130848, 9.681701702065768 5.87628300130848, 9.703674316406252 5.838031430046303, 9.739379882812502 5.832566896900034, 9.755859375000002 5.7751843427088625, 9.827270507812502 5.745124490795317, 9.87945556640625 5.745124490795317, 9.893188476562502 5.712330115667731, 9.964599693194032 5.777916977554092, 9.986572265625002 5.739658892456922, 10.027770996093752 5.731460396704476, 10.079956054687502 5.709597166168256, 10.167846679687502 5.777916977554092, 10.233764648437502 5.7369260736325955, 10.305175781250002 5.704131228074497, 10.318908691406252 5.731460396704476, 10.26947021484375 5.777916977554092, 10.34088134765625 5.8134400282393655, 10.398559570312502 5.824369580441528, 10.428771972656252 5.791579953844525, 10.480957031250002 5.859889863069604, 10.522155761718752 5.832566896900034, 10.5633544921875 5.799777581048771, 10.610046386718752 5.818904914286332, 10.634765625 5.859889863069604, 10.601806640625002 5.906335666642608, 10.653991699218752 5.941850713788694, 10.686950683593752 6.018336503356828, 10.711669921875 6.042918775436322, 10.769348144531252 6.0319935513630965, 10.799560546875 6.015604885831135, 10.829772949218752 5.996484512993788, 10.986328125000002 6.059306614683179, 11.0137939453125 6.116659541800718, 11.01654052734375 6.182198208342017, 10.994567871093752 6.2531892651486025, 11.063232421875002 6.242268188654936, 11.08795166015625 6.206772952883068, 11.148376632481815 6.2531892651486025, 11.18682861328125 6.269570452096863, 11.184082198888065 6.285951124518498, 11.192321777343752 6.356928060441494, 11.200561523437502 6.444270832786586, 11.192321777343752 6.504310278580456, 11.123657226562502 6.529551998492275, 11.09619140625 6.62232140050972, 11.085205078125 6.704162283788004, 11.085205078125 6.715073367093703, 11.035766601562502 6.714391348306078, 11.002807617187502 6.698024692067479, 10.95062255859375 6.689841116343786, 10.920410156250002 6.698024692067479, 10.920410156250002 6.747123258047699, 10.909423828125002 6.793489556451504, 10.890197921544315 6.7907622505625795, 10.838012695312502 6.820761763751254, 10.810546875000002 6.8453054230147306, 10.835266280919315 6.8916621381136896, 10.8599853515625 6.938014486859704, 10.821533370763065 6.957099389372656, 10.769348144531252 6.984362189722041, 10.739135742187502 6.976183516197836, 10.684204101562502 7.038883016992818, 10.63751220703125 7.055237935209614, 10.601806640625002 7.074318123032665, 10.623779296875002 7.109750426403029, 10.596313476562502 7.166981662996504, 10.56060791015625 7.1778819387294845, 10.546875000000002 6.989814559292475, 10.546875000000002 6.9598256575431625, 10.508422851562502 6.918928727536426, 10.491943359375002 6.89984236311519, 10.461730957031252 6.938014486859704, 10.354614257812502 6.902569045647419, 10.244750976562502 6.894388950948956, 10.211791992187502 6.900523952008727))'), 1500, 2),
('Ouest', 'Province', ST_GeogFromText('POLYGON ((10.299682617187502 5.728727538612984, 10.280456542968752 5.794312509472417, 10.338134807534518 5.829834526973751, 10.384826660156252 5.791579870453345, 10.453491210937502 5.799777581048771, 10.483703613281252 5.840763926791161, 10.535888671875002 5.840763926791161, 10.56610107421875 5.7697190334804835, 10.607299804687502 5.788847384998363, 10.64300537109375 5.98828979073205, 10.70892333984375 6.059306573007799, 10.763854980468752 6.042918942142869, 10.824279785156252 6.02106794043926, 10.827026451006532 5.974631647162144, 11.01104736328125 6.075693748015848, 11.002807617187502 6.25318922348845, 11.071472167968752 6.2586497178859934, 11.082458496093752 6.209503594551126, 11.170349204912782 6.275030733472354, 11.282958984375002 6.275030733472354, 11.285705566406252 6.225886105439891, 11.285705566406252 6.119390480576794, 11.32415771484375 6.062037803429212, 11.280212402343752 5.996484512993788, 11.2554931640625 5.939118881078108, 11.285705566406252 5.838031596814897, 11.313171386718752 5.821637254006492, 11.266479492187502 5.734193241713061, 11.211547851562502 5.687733101477844, 11.222534179687502 5.65493544729848, 11.189575195312502 5.6112023516109835, 11.219787597656252 5.545596566230869, 11.206054687500002 5.4690472698530055, 11.164856040850282 5.4581108534786935, 11.192321861162782 5.428034681134009, 11.17034912109375 5.365143300667811, 11.129150390625002 5.33506251770614, 11.123657310381532 5.304980259882078, 11.08795166015625 5.307715071321927, 11.063232421875002 5.253016546575939, 11.076965332031252 5.195577928923206, 11.01654052734375 5.173695170299647, 11.000061035156252 5.124456201321769, 10.994567954912785 5.124456201321769, 10.967102092690768 5.022888882722292, 10.935516357421877 5.010576610803651, 10.965728759765627 4.97637464008987, 10.946502727456393 4.938066322842734, 10.861358642578127 4.939434431731571, 10.847625732421877 4.961325209048643, 10.809173583984377 4.972270283896606, 10.809173583984377 5.009208566260871, 10.787200927734377 5.016048760328482, 10.740509033203125 5.017416790544236, 10.72265627095476 4.958588911961295, 10.671844482421875 4.935329929581851, 10.603179931640625 4.8614430660647985, 10.516662597656252 4.890177816111237, 10.443878173828127 4.827233432706289, 10.41778564453125 4.902834398632045, 10.412292480468752 4.96577166761833, 10.357360839843752 5.025966914390167, 10.373840415850283 5.094363849750055, 10.316162109375002 5.097099576423368, 10.299682617187502 5.0752134373240985, 10.263977134600282 5.069741786408947, 10.236511314287783 5.135398523662802, 10.18707275390625 5.094363849750055, 10.236511314287783 5.058798345556741, 10.206298828125002 5.023230886958808, 10.154113853350283 4.971244190850651, 10.167846763506533 4.941144751764281, 10.159606933593752 4.9165169207502775, 10.104675292968752 4.9165169207502775, 10.077209472656252 4.990397496794257, 10.077209472656252 5.053326555718715, 10.000305175781252 5.072477617664254, 9.994812011718752 5.135398523662802, 10.003051841631533 5.201048499964561, 9.986572265625002 5.247546429206092, 9.928894042968752 5.253016463108935, 9.923400878906252 5.2885711369179935, 9.876708984375002 5.263956637222766, 9.835510253906252 5.263956637222766, 9.846496582031252 5.321388863032093, 9.854736328125002 5.3596741774730745, 9.912414550781252 5.3788158940514075, 9.942626953125002 5.441705855039537, 9.967346191406252 5.518258664545268, 9.967346191406252 5.523726345898821, 9.964599609375 5.554822822525606, 9.945373535156252 5.5602901237850375, 9.9591064453125 5.598560141454585, 9.990692138671877 5.576691889483124, 10.003051757812502 5.5862593501881666, 10.029144287109377 5.642294146112969, 10.060730022378268 5.6354609181111455, 10.090942382812502 5.636827611854757, 10.103302001953127 5.6860249363860795, 10.084075927734377 5.698323611780863, 10.084075927734377 5.7270194956648615, 10.114288330078127 5.750248441598974, 10.147247314453125 5.777575398919507, 10.167846679687502 5.777575398919507, 10.19119266886264 5.780308022225989, 10.202178955078127 5.7516148206885305, 10.214538574218752 5.752981196496021, 10.237884521484377 5.737950882226644, 10.255737304687502 5.737950882226644, 10.265350341796877 5.720187251971012, 10.273590087890627 5.7242865746262614, 10.279083251953127 5.711988497693298, 10.299682617187502 5.728727538612984))'), 1750, 2),
('Sud-Ouest', 'Province', ST_GeogFromText('POLYGON ((8.508911300450565 4.666767099494396, 8.558349609375002 4.737938193476741, 8.563842941075563 4.869311036456154, 8.651733398437502 4.880257624723533, 8.816528320312502 5.153863266546606, 8.849487304687502 5.482034004678995, 8.937377929687502 5.585917657852085, 8.843994140625002 5.733510031687776, 8.887939453125002 5.782699056797093, 8.838501144200563 5.886528467660797, 9.223022628575563 6.159670203259369, 9.349365234375002 6.356245636365621, 9.437255859375002 6.328947931902761, 9.442749191075565 6.465421906280472, 9.563598632812502 6.459963566038087, 9.563598632812502 6.547288578896232, 9.624023437500002 6.547288578896232, 9.689941406250002 6.558203219021767, 9.722900390625002 6.503628052315478, 9.73388671875 6.410836693144114, 9.794311523437502 6.279808432740438, 9.810791015625 6.197898978045212, 9.766845703125002 6.132362249080842, 9.6514892578125 6.044967428373977, 9.580078125 5.968485371339503, 9.629516601562502 5.886528467660797, 9.711914062500002 5.831883805666074, 9.750366210937502 5.7663030216701845, 9.8876953125 5.760837793657766, 9.948120117187502 5.711646712709312, 10.019531250000002 5.749906846313855, 10.085449218750002 5.73897552218103, 10.123901367187502 5.695248967605638, 10.0360107421875 5.61325241393641, 9.942626953125002 5.5804505533785465, 9.9591064453125 5.49843789742656, 9.920654296875002 5.416413939569423, 9.8822021484375 5.345317496185644, 9.827270507812502 5.312500962156912, 9.755859375000002 5.263272887191521, 9.777832031250002 5.115565426407368, 9.832763671875002 5.082736881549017, 9.898681640625002 5.017074783259108, 9.788818359375002 4.989713620805985, 9.744873046875002 4.907623313295873, 9.755859375000002 4.825522905655219, 9.695434570312502 4.75983541990569, 9.673461914062502 4.67224236512012, 9.591064453125002 4.628441720431344, 9.530639648437502 4.579162421769834, 9.486694335937502 4.497023288097197, 9.492187500000002 4.371059019137535, 9.426269698888065 4.239595130978847, 9.453735351562502 4.202616853169615, 9.525146484375002 4.22453011936921, 9.560852050781252 4.134133941453719, 9.522399902343752 4.07112426734256, 9.456481933593752 4.038247946431021, 9.338378906250002 3.8957679125829463, 9.275207519531252 3.9615308127580167, 9.225769042968752 3.9423506214256423, 8.984069908037783 4.07934334722516, 9.011535728350282 4.197138440267315, 8.926391601562502 4.290266023772581, 8.874206542968752 4.408029113837152, 8.898925781250002 4.495654557841738, 8.767089843750002 4.555890951581203, 8.714904827065768 4.4983926842676665, 8.519897460937502 4.476487385132403, 8.489685058593752 4.561366738166873, 8.528137207031252 4.5996960724789, 8.486938476562502 4.627072906469984, 8.508911300450565 4.666767099494396))'), 1850, 2),
('Littoral', 'Province', ST_GeogFromText('POLYGON ((9.346618652343752 3.9043311049239415, 9.380950927734377 3.9194021111818103, 9.398803710937502 3.963243490419682, 9.405670166015627 4.001602791683728, 9.434509277343752 4.024891492084281, 9.457855224609375 4.0632478978402355, 9.499053955078127 4.0495493899923005, 9.512786865234377 4.089274421166944, 9.545745849609377 4.113930347922191, 9.527893108315768 4.163239823958075, 9.512786865234377 4.21939425302787, 9.468841552734375 4.202959252698493, 9.415283203125002 4.209807211682687, 9.422149658203127 4.255002225489964, 9.463348388671875 4.327582594514578, 9.49356083292514 4.402894529860384, 9.511413616128268 4.43027879018087, 9.48120121378452 4.482306086078186, 9.51828007120639 4.568553686469917, 9.582824748940768 4.623308696204966, 9.633636558428407 4.635627992048543, 9.622650188393893 4.669847129634353, 9.744873214513065 4.87341611147302, 9.799804855138065 4.922674131072758, 9.772339034825563 5.010234683435176, 9.843750167638063 5.0758975574071945, 9.733886886388065 5.1962619198508975, 9.755859458819032 5.28310141598883, 9.857483077794313 5.3104499540938574, 9.890441978350282 5.2666917132942555, 9.939880454912783 5.294040976435844, 9.989318931475283 5.217460011094221, 9.978332603350282 5.127191882975679, 10.025024497881532 5.064270172628465, 10.088195884600283 4.968508018418668, 10.129394615069032 4.905570841991538, 10.159607017412783 4.9958700655443105, 10.195312583819032 5.017758881147925, 10.192566001787782 5.088892444963337, 10.228271568194033 5.129927469426376, 10.263977134600282 5.045118867830375, 10.313415778800847 5.108042450029283, 10.376586997881533 5.0916281949200535, 10.351867759600282 5.0204949315408545, 10.387573326006533 4.952090244456712, 10.423279060050847 4.932935492712474, 10.42190555948764 4.86417980360733, 10.412292522378268 4.81354909567146, 10.438385051675144 4.775231531974875, 10.49880985636264 4.741017574694844, 10.474090618081393 4.679428189539079, 10.458984416909516 4.64931580485275, 10.39855961222202 4.584980630712916, 10.377960246987643 4.5356986703099365, 10.377960246987643 4.485044262601311, 10.441131717525424 4.494627799559834, 10.47821049112827 4.489151508138446, 10.463104289956393 4.459031172087092, 10.50430302042514 4.4658768117362735, 10.553741580806674 4.471353277466522, 10.586700481362643 4.474091494984886, 10.630645793862643 4.486413347014142, 10.65673840697855 4.487782428860112, 10.67527772043832 4.493686512672663, 10.699653646443041 4.5015586405592, 10.699653646443041 4.526543458900409, 10.723342905985193 4.527570213838063, 10.7236862287391 4.504296744779525, 10.737075805664064 4.496082390774135, 10.741539001464846 4.49539785796173, 10.7830810546875 4.506008044238096, 10.782737731933596 4.606968146913143, 10.829772949218752 4.612871305591074, 10.871658325195314 4.58207167837466, 10.888824462890627 4.606027059114714, 10.920410156250002 4.609449190592439, 10.923843383789062 4.590285000634929, 10.910110473632814 4.509516216945921, 10.889511129353197 4.501301890534973, 10.883331298828127 4.475973971807714, 10.921783447265627 4.432845929126553, 10.94718933105469 4.384922977377321, 10.972595214843752 4.37961707418689, 10.973968505859375 4.338537520448132, 10.997314536944035 4.312519312622748, 11.026153564453127 4.3029334322244495, 11.037139892578127 4.264588706579803, 11.070098876953125 4.246785146705464, 11.079711997881532 4.223502948820042, 11.074218750000002 4.194741622531635, 10.980834960937502 4.148173340097016, 10.906677246093752 4.122148820817839, 10.883331298828127 4.1262580254167895, 10.850372314453127 4.118039594979308, 10.829772949218752 4.089274421166944, 10.778961181640627 4.0933837114887135, 10.697937011718752 4.059138286269492, 10.686950725503268 3.9865332794855552, 10.636138916015627 3.9769433624042376, 10.666351360268893 3.842674182129824, 10.644378662109377 3.835823136511583, 10.645751995034518 3.787864284709828, 10.612792968750002 3.783753401834242, 10.593566894531252 3.720717434354354, 10.563354534097018 3.7467545806850233, 10.567474365234377 3.7645689405297804, 10.442504882812502 3.8166399168840663, 10.394439697265627 3.796085991856889, 10.386199951171877 3.795486495021219, 10.381736755371096 3.788635073075664, 10.366973876953127 3.7549766767000197, 10.368347167968752 3.701531675960446, 10.355987548828127 3.654079403599691, 10.335388183593752 3.6492826437925103, 10.329208384500818 3.576642842302554, 10.299682617187502 3.5485448229757135, 10.278396611684002 3.5135923843587133, 10.23857116699219 3.517704504165399, 10.19187927246094 3.5985724801199903, 10.11772155761719 3.5732163372834234, 10.013351461384445 3.329214045045476, 9.913787862751633 3.2668327940486233, 9.806671142578127 3.395018532731752, 9.670715332031252 3.5343241157451253, 9.643249511718752 3.6042261186294713, 9.596557617187502 3.750865596541789, 9.548492431640627 3.828972035967071, 9.626770019531252 3.828972035967071, 9.624023437500002 3.87966887518636, 9.694061363115907 3.819380403114322, 9.743499755859377 3.8618568168231957, 9.722900390625002 3.881039017989751, 9.678955078125002 3.9248824098095616, 9.628143352456393 3.961873440554618, 9.694061279296875 4.046809660573721, 9.610290527343752 4.0139321863939825, 9.569091796875002 4.007082545613819, 9.534759521484375 4.0303710478369625, 9.525146526284518 3.981053388328727, 9.470214885659516 3.9824233227311203, 9.448242187500002 3.934472804029169, 9.48394779581577 3.913921734828261, 9.437255859375002 3.881039017989751, 9.346618652343752 3.9043311049239415))'), 80, 2),
('Sud', 'Province', ST_GeogFromText('POLYGON ((9.8052978515625 2.33532113755659, 9.8052978515625 2.587773319121389, 9.871215820312502 2.7962830762573616, 9.948120117187502 3.043154383251259, 9.909667968750002 3.2406109418546776, 10.0360107421875 3.3119050198168645, 10.123901367187502 3.575100939633631, 10.228271484375002 3.597030572616955, 10.294189453125002 3.3996452654751748, 10.409545982256532 3.372227390996944, 10.8050537109375 3.5093089069576955, 10.865478515625 3.427062360565555, 10.980835128575565 3.443512240911225, 11.079711914062502 3.4380289789718086, 11.217041015625002 3.1693115059053554, 11.5631103515625 3.1967349533429625, 11.7059326171875 3.2186731837839866, 11.755371093750002 3.377711027943311, 11.815795898437502 3.3502925344594594, 11.815795898437502 3.405128747044474, 11.892700195312502 3.498343115377495, 12.134399414062502 3.3886782088600866, 12.139892578125002 3.317389328903886, 12.216796875000002 3.3119050198168645, 12.266235351562502 3.4928601714481537, 12.458496093750002 3.739560183282351, 12.54638671875 3.6244418715038713, 12.584838867187502 3.564135926283992, 12.571106040850282 3.5223306172612636, 12.54638671875 3.4044433135549355, 12.584838951006532 3.344123267345507, 12.777099609375 3.1741106618503365, 12.763366699218752 2.9684129956082934, 12.796325683593752 2.916296735197893, 12.878723144531252 2.8806368471202513, 12.94189453125 2.8806368471202513, 12.996826171875002 2.8998384649702946, 13.024291992187502 2.8614349054586357, 13.0902099609375 2.8586917446273934, 13.142395019531252 2.8998384649702946, 13.189086914062502 2.8751506110219904, 13.260498046875002 2.8614349054586357, 13.340148925781252 2.8532052358662607, 13.38958740234375 2.8010836944436948, 13.47198486328125 2.7791369182798356, 13.521423339843752 2.7983403907801665, 13.504943847656252 2.858691577197944, 13.625793624669315 2.9245256126626287, 13.675231933593752 2.1699673405242184, 13.285217368975285 2.172712118009396, 13.296203613281252 2.2193697191601047, 13.271484458819032 2.2715147059716094, 13.230285728350282 2.2797477864693843, 13.208312988281252 2.2715147059716094, 13.131408691406252 2.3044474147119254, 13.084716796875 2.268770279533463, 13.049011230468752 2.2495591489927524, 12.952880859375002 2.2550480693475534, 12.903442382812502 2.235836757844846, 12.807312011718752 2.2550480693475534, 12.755126953125002 2.227603261514393, 12.6287841796875 2.2385810788546783, 12.56011962890625 2.266025680380282, 12.481842041015627 2.268427225862371, 12.448883056640627 2.2560772396103657, 12.292327880859375 2.289010301671962, 12.251129150390627 2.2697994400584216, 12.1783447265625 2.2835215102459445, 12.058868408203125 2.2862659085830255, 11.763610839843752 2.2835214683697056, 11.736145019531252 2.2999878214206078, 11.682586669921875 2.3233147699082415, 11.619415283203127 2.3095930819200103, 11.56585693359375 2.3137096022688604, 11.504058837890627 2.306848728392505, 11.443634033203125 2.2944990720802885, 11.380462646484377 2.293126881451359, 11.381835937500002 2.2725438645419263, 11.351623535156252 2.2547050124314816, 11.359863281250002 2.234121449913071, 11.347503662109377 2.2080485235866076, 11.348876953125002 2.166879815874429, 11.262359661050143 2.175113647639334, 11.199188232421877 2.198442593019408, 11.148376464843752 2.166879815874429, 10.184326171875002 2.178201322973817, 10.151367187500002 2.1644782731685694, 10.11016845703125 2.150755099135207, 10.063476562500002 2.172712118009396, 10.027770996093752 2.150755099135207, 9.945373535156252 2.1836905079359714, 9.88494873046875 2.200157942305684, 9.827270507812502 2.2550480693475534, 9.838256835937502 2.340123655916464, 9.8052978515625 2.33532113755659))'), 475, 2),
('Est', 'Province', ST_GeogFromText('POLYGON ((13.43078596517444 10.12706118075535, 13.28796369954944 10.132468717070843, 13.244018387049437 10.045937223048917, 13.28796369954944 9.991843267457003, 13.20556623861194 9.932329524023626, 13.29345686361194 9.851156983346087, 13.21105940267444 9.526268658127938, 12.859496902674437 9.401645532743867, 12.93090803548694 9.37454758791821, 12.810058426111937 8.734434788367363, 12.733154129236937 8.772439060195396, 12.66723616048694 8.642122606444811, 12.52441389486194 8.58237913141625, 12.45300276204944 8.614967651175489, 12.46398909017444 8.549787814001675, 12.348632644861937 8.457430313728908, 12.337646358646454 8.403092209410962, 12.266235183924437 8.462864035194539, 12.23876936361194 8.174789919410925, 12.29232783894986 8.1982377487908, 12.274475076701496 8.145223248250085, 12.359619098715488 8.047331832905176, 12.439269977621738 7.982057731991789, 12.45986934285611 7.9956573658059, 12.521667438559238 7.956217181319826, 12.54775996785611 7.980697702198722, 12.59170528035611 7.963017484371186, 12.626037555746734 7.982057731991789, 12.645263629965484 7.973897692879769, 12.6287841796875 7.938535865692315, 12.653503376059234 7.9126925330570845, 12.643890338949863 7.893649112474573, 12.653503376059234 7.848757483118105, 12.635650634765627 7.840594846918893, 12.642517089843752 7.805221574985822, 12.635650634765627 7.761681048788698, 12.689208942465488 7.734465979843492, 12.741394001059238 7.7589597041297385, 12.741394001059238 7.716775326150742, 12.74551387410611 7.693640086137445, 12.807311969809234 7.663698681442719, 12.91580196004361 7.662337654636469, 12.987213176675143 7.644643910614823, 13.07510371785611 7.6119765283087695, 13.169860797934234 7.602448179746296, 13.22891231160611 7.609254223945552, 13.245391803793613 7.606531819221152, 13.265991169027984 7.62831057281653, 13.246765094809234 7.646004910833429, 13.263244586996734 7.686835387861668, 13.287963825277988 7.707249155073189, 13.293456989340488 7.750795315348641, 13.285217243246738 7.7589597041297385, 13.309936565347018 7.782091194611981, 13.293456989340488 7.820187556170148, 13.336029010824863 7.858280356069636, 13.342895465902984 7.8759650287773715, 13.322296100668613 7.908611906674802, 13.355255105998367 7.939895993930113, 13.32366943359375 7.976617751682568, 13.428039550781252 7.960297376693274, 13.414306640625002 7.923574158080922, 13.518676757812502 7.929014842001533, 13.585968017578125 7.908611906674802, 13.606567382812502 7.930375001740626, 13.668365478515625 7.935815595710163, 13.701324462890627 7.958937316082248, 13.712310791015627 7.944486393482061, 13.712310791015627 7.9349654868941615, 13.744583150837572 7.916603176727858, 13.744583150837572 7.873754537840375, 13.72741701314226 7.858110306681743, 13.763122558593752 7.813895106707385, 13.783721923828127 7.756748531146441, 13.832473754882812 7.739058729096073, 13.857879638671877 7.71932692043891, 13.88328552246094 7.708440010864539, 13.874359130859377 7.671014125973459, 13.89701843261719 7.654001270566328, 13.872985839843752 7.6220152656381455, 13.911437988281252 7.589346240942699, 13.948516845703127 7.587984977643609, 13.984222412109377 7.575052761527143, 14.007568359375 7.557355415809778, 14.085845947265627 7.554632682825088, 14.115371704101564 7.575052756334174, 14.14146423339844 7.553271309897507, 14.13597106933594 7.512428131008203, 14.149017333984377 7.481793225827304, 14.182662963867188 7.475665986358836, 14.224548339843752 7.456602893231231, 14.21287536621094 7.40417519077082, 14.238967895507814 7.395323119830976, 14.24102783203125 7.373532722844582, 14.282226562500002 7.325862449235666, 14.316558837890627 7.303387549557394, 14.349517822265625 7.305430768998504, 14.32960514444858 7.284998154666402, 14.359817504882814 7.268651350797195, 14.350204509682955 7.23527490698188, 14.363937419839205 7.198489798988238, 14.339904827065768 7.1991710318477224, 14.320678710937502 7.167833262930711, 14.38865661621094 7.148075734922956, 14.396209716796877 7.161020418902409, 14.405136150307955 7.147394425600468, 14.433288574218752 7.166470660689892, 14.008255004882814 7.262521203071941, 14.445648193359377 7.152844871727126, 14.51225280761719 7.16374556873264, 14.53422546386719 7.124229263207395, 14.57267761230469 7.072444219068159, 14.565124511718752 7.060625669751214, 14.568471908569338 7.0591776134197355, 14.579629900690634 7.063862493569185, 14.588212969538292 7.074765303536546, 14.608812332153322 7.066843756224409, 14.643402099609377 7.062946816180292, 14.654560089111328 7.045229166780791, 14.648723602294924 7.041310748978284, 14.650096893310549 7.0324515954396745, 14.648895274149256 7.016436543046138, 14.755325317382812 7.038371913903576, 14.820556640625002 7.080621198720183, 14.87754821777344 7.076532727002876, 14.904327413532885 7.108558117854831, 14.968872070312502 7.1405812765164525, 15.054016113281252 7.180096125393327, 15.08079528808594 7.174646005084166, 15.10276794433594 7.1467130944701, 15.170745849609377 7.197127330200313, 15.191345214843752 7.21279547405864, 15.212974548339846 7.226674952951305, 15.23082733154297 7.249494273370002, 15.24181365966797 7.274015239385215, 15.267906188964846 7.287977969003, 15.493469238281252 7.518384667571774, 15.564880454912785 7.613678094763353, 15.603332519531252 7.77698883425341, 15.504455566406252 7.804201147652398, 15.402832031250002 8.043592453958102, 15.405578613281252 8.097980014951235, 15.199584960937502 8.52737966577589, 15.150146484375002 8.540960518756822, 15.103454589843752 8.67945747505842, 14.990844726562502 8.690317831170653, 14.978485107421877 8.746990117409867, 14.915313720703127 8.757848593515375, 14.92767333984375 8.783636006299396, 14.885101318359375 8.831134437183096, 14.832916259765627 8.829777423894042, 14.493713378906252 9.06582194006815, 14.456634521484377 9.133622314052385, 14.349517822265625 9.20005416873476, 14.38110353657976 9.292224629987832, 14.333038351032885 9.322039282935657, 14.311065673828127 9.376241271522577, 14.272613525390625 9.376241271522577, 14.173736572265627 9.464301393330832, 14.066619873046877 9.579422871466951, 13.984222412109377 9.643061551193068, 14.028167724609377 9.748648142833789, 14.149017333984377 9.831199002239321, 14.197769165039064 9.983221169383942, 14.206695567118008 10.004860449474977, 14.209442138671877 10.056923953951774, 14.223861704813318 10.073825887180787, 14.214935302734377 10.0941070377518, 14.104385375976564 10.126554219551368, 14.103355407714846 10.11497838747504, 14.092369079589844 10.111598503773937, 14.073143026325853 10.110584521414804, 14.05632019042969 10.13863657683174, 14.044990539550783 10.143030048364992, 14.052200317382814 10.171755106511315, 14.015464782714844 10.171417179656082, 13.999328613281252 10.18493397482859, 14.008255004882814 10.196169374833604, 13.991775512695312 10.213063967098934, 13.976669332478197 10.215091257889174, 13.975982666015627 10.228606199375903, 13.909378062235193 10.226578994805006, 13.868865966796877 10.239417738446171, 13.840026855468752 10.234687735424897, 13.815994262695314 10.245499067254496, 13.77616882324219 10.24076915492679, 13.755569458007812 10.248201842614133, 13.72673034667969 10.248201842614133, 13.698577880859377 10.259688380662459, 13.679351806640627 10.25766137481011, 13.67179870605469 10.219145800689365, 13.591461181640625 10.255634355980261, 13.57463836669922 10.233251827699018, 13.564682006835938 10.213317379154509, 13.562965393066408 10.194057487768251, 13.666992187500002 10.157899791722746, 13.700294494628908 10.143705961713618, 13.70647430419922 10.142692091155729, 13.670082092285158 10.135932872096099, 13.641929626464846 10.124103895771926, 13.61309051513672 10.130187423807431, 13.58665466308594 10.121062088497148, 13.563995371805506 10.082530027029245, 13.555755615234377 10.080501906852593, 13.54717254638672 10.085910216147983, 13.554382324218752 10.093008508142866, 13.553009033203127 10.102472640206281, 13.529663085937502 10.093346517652636, 13.510437011718752 10.09469855214205, 13.493442540639084 10.089586141867917, 13.457736971613485 10.082487774440837, 13.436450959561627 10.077755459801404, 13.423919680353722 10.083544092646342, 13.42357635498047 10.105514623516122, 13.411216735839846 10.120724097817114, 13.43078596517444 10.12706118075535))'), 1550, 2),
('Centre', 'Province', ST_GeogFromText('POLYGON ((11.310424804687502 5.967119522904161, 11.62353515625 6.076376577831838, 11.991577148437502 6.305743748658554, 12.095947265625 6.152843346154441, 12.23876953125 6.2511415806683095, 12.392578125 6.141920192430513, 12.392578125 6.136458198153418, 12.499694824218752 5.985558189315064, 12.510681152343752 6.1494298847121165, 12.7056884765625 6.182198208342017, 12.766113281250002 6.2067731195384725, 12.886962890625002 6.124852316256776, 12.94189453125 6.182198208342017, 13.065490722656252 6.138506660916396, 12.944641113281252 6.111197622407098, 12.999572753906252 6.007410617805364, 13.065490722656252 5.98828979073205, 13.046264648437502 5.851693113345078, 13.172607589513065 5.674067638852972, 13.158874679356815 5.5045890738624585, 13.068237304687502 5.5045890738624585, 13.002319335937502 5.277631479847383, 12.86224365234375 5.280366412219325, 13.051757812500002 5.031438934775941, 13.038024902343752 4.943880954009371, 13.293457031250002 4.874784352885875, 13.260498046875002 4.699616380090987, 13.216553404927255 4.513451526954217, 13.0078125 4.590113931622858, 12.843017578125002 4.491547348913984, 12.821044921875002 4.042357580503426, 12.458496093750002 3.877956193557512, 12.557373717427255 3.636776016172932, 12.32666015625 3.58195333718333, 12.205810546875002 3.263919288641241, 11.920166015625002 3.4613326238843634, 11.656494140625002 3.2200443075356553, 11.173095703125 3.0335541898121416, 11.041259765625002 3.417465796970866, 10.854492187500002 3.417465796970866, 10.766601562500002 3.5161624613627884, 10.272216796875002 3.285856062323656, 10.184326171875002 3.560024012558917, 10.258483886718752 3.525072006767179, 10.324401855468752 3.5716743870266465, 10.360107421875002 3.711467042722353, 10.398559570312502 3.8601440991769707, 10.601806640625002 3.739559848720084, 10.656738281250002 3.8272592522601525, 10.662231780588629 3.991670644273735, 10.87646484375 4.106739114578279, 11.079711914062502 4.1779633583255835, 11.008300781250002 4.282049489622652, 10.909424163401129 4.468272728744618, 10.931396484375002 4.63802334398948, 10.832519531250002 4.6161219653763945, 10.78857421875 4.512083161853471, 10.711669921875 4.539463341820088, 10.656738281250002 4.468272728744618, 10.513916015625002 4.462796240011045, 10.478210449218752 4.447222252053956, 10.47477722167969 4.485557627775735, 10.44456481933594 4.494456603404478, 10.43083190917969 4.4787121720434895, 10.395812988281252 4.474604867848034, 10.382766723632814 4.512938808139494, 10.410919189453127 4.617833343043342, 10.45280456542969 4.654619777055395, 10.480957031250002 4.646407137093618, 10.49674987792969 4.716211353598858, 10.42327880859375 4.790798276584274, 10.472717285156252 4.839378050671097, 10.496063232421877 4.890006779572819, 10.527648925781252 4.898216463238344, 10.586700481362643 4.885901889549583, 10.593566936440768 4.872218741358653, 10.610046386718752 4.875639554551181, 10.648498577065768 4.92900195607632, 10.685920715332033 4.953201783505087, 10.713043212890627 4.959101968528967, 10.72540283203125 4.957733816796062, 10.74943542480469 5.009721572862614, 10.799560557352383 5.017929801135845, 10.817413330078125 4.999461166066518, 10.803680419921877 4.991252716532607, 10.817413330078125 4.963206406716205, 10.854492187500002 4.976203604883685, 10.847625732421877 4.957049739866833, 10.942382833454758 4.919424420517787, 10.962982198689135 4.969363016115231, 10.938949605915697 5.001513262382706, 10.964355468750002 5.0309259139445235, 10.98838806152344 5.092483010034737, 11.000061035156252 5.165659904748174, 11.057739257812502 5.184636644404112, 11.085205078125 5.209254267364789, 11.076965332031252 5.266691629829084, 11.071472167968752 5.313184574354992, 11.151123046875002 5.343266514217946, 11.206054687500002 5.4034257874959515, 11.175842368975282 5.460844976287755, 11.219787597656252 5.501855318224554, 11.195068359375002 5.594801552074077, 11.222534179687502 5.701398239492506, 11.291198730468752 5.7423916981798815, 11.310424804687502 5.967119522904161))'), 700, 2);

/*
======
CLIMATEZONE
======
*/

INSERT INTO Climatezone (Name) VALUES
('BWh (Warm desert climate)'),
('BSh (Warm semi-arid climate)'),
('Aw (Tropical savanna climate)'),
('Am (Monsoon climate)'),
('Af (Equatorial climate)');


/*
======
REGION_CLIMATEZONE
======
*/

INSERT INTO Region_Climatezone (Region_ID, Climatezone) VALUES
(2, 'BWh (Warm desert climate)'),
(2, 'BSh (Warm semi-arid climate)'),
(2, 'Aw (Tropical savanna climate)'),
(2, 'Am (Monsoon climate)'),
(2, 'Af (Equatorial climate)'),
(3, 'BSh (Warm semi-arid climate)'),
(3, 'Aw (Tropical savanna climate)'),
(4, 'BSh (Warm semi-arid climate)'),
(4, 'BWh (Warm desert climate)'),
(5, 'Aw (Tropical savanna climate)'),
(6, 'Aw (Tropical savanna climate)'),
(6, 'Am (Monsoon climate)'),
(7, 'Aw (Tropical savanna climate)'),
(7, 'Am (Monsoon climate)'),
(8, 'Am (Monsoon climate)'),
(9, 'Aw (Tropical savanna climate)'),
(9, 'Am (Monsoon climate)'),
(10, 'Aw (Tropical savanna climate)'),
(10, 'Am (Monsoon climate)'),
(10, 'Af (Equatorial climate)'),
(11, 'Aw (Tropical savanna climate)'),
(11, 'Am (Monsoon climate)'),
(12, 'Aw (Tropical savanna climate)'),
(12, 'Am (Monsoon climate)');

INSERT INTO Farm (Farm_ID, Name, Size, Region_ID) VALUES
  (1, 'Maroua Agro', 300.0, 3),
  (2, 'Ngaoundéré Plantation', 400.0, 5),
  (3, 'Garoua Farming', 300.0, 4),
  (4, 'Bertoua Agro', 260.0, 6),
  (5, 'Ebolowa Plantations', 300.0, 7),
  (6, 'Bafoussam Fields', 240.0, 8),
  (7, 'Bamenda Agro', 320.0, 9),
  (8, 'Douala Farms', 500.0, 10),
  (9, 'Yaoundé Green', 320.0, 11),
  (10, 'Kribi Agro', 400.0, 12),
  (11, 'Kousséri Fields', 250.0, 4),
  (12, 'Meiganga Agri', 300.0, 5),
  (13, 'Batouri Plantation', 400.0, 6),
  (14, 'Mbalmayo Farms', 280.0, 7),
  (15, 'Nkongsamba Agro', 300.0, 8),
  (16, 'Buea Green Land', 400.0, 9),
  (17, 'Edea Palm', 450.0, 10),
  (18, 'Sangmélima Plantations', 270.0, 11),
  (19, 'Foumban Crops', 250.0, 8),
  (20, 'Mokolo Agriculture', 270.0, 4),
  (21, 'Mbanga Banana Farm', 300.0, 10),
  (22, 'Dschang Highlands', 350.0, 8),
  (23, 'Nanga Eboko Green', 250.0, 6),
  (24, 'Tibati Agro', 320.0, 5),
  (25, 'Abong-Mbang Cocoa', 350.0, 6),
  (26, 'Mora Dry Farms', 200.0, 4),
  (27, 'Yokadouma Jungle Farm', 450.0, 6),
  (28, 'Manoka Island Agri', 250.0, 10),
  (29, 'Banyo Tea Plantations', 280.0, 5),
  (30, 'Bali Rice Fields', 330.0, 9);


INSERT INTO Crops (Name) VALUES
  ('Mais'),
  ('Reis'),
  ('Cannabis'),
  ('Erdnüsse'),
  ('Kaffee'),
  ('Kakao'),
  ('Maniok'),
  ('Bananen'),
  ('Palmöl'),
  ('Sojabohnen');

INSERT INTO Farm_Crops (Farm_ID, Crop_Name, Area, Amount) VALUES
  (1, 'Mais', 80.0, 400.0),
  (1, 'Reis', 70.0, 300.0),
  (1, 'Erdnüsse', 60.0, 250.0),
  (1, 'Kaffee', 50.0, 200.0),
  (1, 'Maniok', 40.0, 180.0),
  (2, 'Bananen', 100.0, 500.0),
  (2, 'Palmöl', 90.0, 450.0),
  (2, 'Kakao', 80.0, 400.0),
  (2, 'Sojabohnen', 70.0, 350.0),
  (2, 'Reis', 60.0, 300.0), 
  (3, 'Cannabis', 280.0, 1300.0),
  (4, 'Reis', 90.0, 500.0),
  (4, 'Kakao', 80.0, 400.0),
  (4, 'Sojabohnen', 70.0, 350.0),
  (5, 'Erdnüsse', 100.0, 550.0),
  (5, 'Kaffee', 90.0, 500.0),
  (5, 'Maniok', 80.0, 450.0),
  (6, 'Bananen', 80.0, 450.0),
  (6, 'Palmöl', 70.0, 400.0),
  (6, 'Mais', 60.0, 350.0),
  (7, 'Reis', 110.0, 600.0),
  (7, 'Cannabis', 100.0, 550.0),
  (7, 'Sojabohnen', 90.0, 450.0),
  (8, 'Palmöl', 180.0, 1000.0),
  (8, 'Bananen', 160.0, 900.0),
  (8, 'Mais', 140.0, 800.0),
  (9, 'Kaffee', 120.0, 700.0),
  (9, 'Erdnüsse', 110.0, 600.0),
  (9, 'Reis', 90.0, 500.0),
  (10, 'Maniok', 120.0, 750.0),
  (10, 'Kakao', 110.0, 700.0),
  (10, 'Bananen', 100.0, 650.0),
  (11, 'Palmöl', 80.0, 450.0),
  (11, 'Mais', 70.0, 400.0),
  (11, 'Sojabohnen', 60.0, 350.0),
  (12, 'Erdnüsse', 90.0, 500.0),
  (12, 'Kaffee', 80.0, 450.0),
  (12, 'Cannabis', 70.0, 400.0),
  (13, 'Bananen', 130.0, 800.0),
  (13, 'Palmöl', 120.0, 750.0),
  (13, 'Reis', 110.0, 700.0),
  (14, 'Mais', 100.0, 600.0),
  (14, 'Kakao', 90.0, 550.0),
  (14, 'Maniok', 80.0, 500.0),
  (15, 'Reis', 110.0, 650.0),
  (15, 'Erdnüsse', 100.0, 600.0),
  (15, 'Kaffee', 90.0, 550.0),
  (16, 'Sojabohnen', 80.0, 500.0),
  (16, 'Bananen', 70.0, 450.0),
  (16, 'Palmöl', 60.0, 400.0),
  (17, 'Cannabis', 110.0, 700.0),
  (17, 'Kakao', 100.0, 650.0),
  (17, 'Mais', 90.0, 600.0);

INSERT INTO Measurement (Region_ID, Date, Temperature, Precipitation) VALUES
  (3, '2024-02-17', 35.2, 5.0),
  (3, '2024-05-17', 38.1, 3.5),
  (3, '2024-08-17', 40.0, 7.0),
  (3, '2024-11-17', 36.5, 4.2),
  (4, '2024-02-17', 39.1, 1.0),
  (4, '2024-05-17', 41.5, 0.8),
  (4, '2024-08-17', 42.0, 1.5),
  (4, '2024-11-17', 40.3, 0.5),
  (5, '2024-02-17', 26.5, 85.0),
  (5, '2024-05-17', 27.0, 95.0),
  (5, '2024-08-17', 24.8, 110.0),
  (5, '2024-11-17', 25.3, 90.0),
  (6, '2024-02-17', 28.3, 200.0),
  (6, '2024-05-17', 29.0, 230.0),
  (6, '2024-08-17', 27.5, 250.0),
  (6, '2024-11-17', 28.1, 210.0),
  (7, '2024-02-17', 29.7, 300.0),
  (7, '2024-05-17', 30.2, 320.0),
  (7, '2024-08-17', 28.5, 350.0),
  (7, '2024-11-17', 29.1, 310.0),
  (8, '2024-02-17', 22.4, 120.0),
  (8, '2024-05-17', 23.1, 130.0),
  (8, '2024-08-17', 21.8, 145.0),
  (8, '2024-11-17', 22.5, 125.0),
  (9, '2024-02-17', 20.3, 250.0),
  (9, '2024-05-17', 21.0, 270.0),
  (9, '2024-08-17', 19.5, 290.0),
  (9, '2024-11-17', 20.0, 260.0),
  (10, '2024-02-17', 28.9, 320.0),
  (10, '2024-05-17', 29.5, 350.0),
  (10, '2024-08-17', 27.8, 370.0),
  (10, '2024-11-17', 28.3, 340.0),
  (11, '2024-02-17', 27.5, 280.0),
  (11, '2024-05-17', 28.2, 310.0),
  (11, '2024-08-17', 26.9, 330.0),
  (11, '2024-11-17', 27.4, 300.0),
  (12, '2024-02-17', 26.8, 350.0),
  (12, '2024-05-17', 27.5, 380.0),
  (12, '2024-08-17', 25.9, 400.0),
  (12, '2024-11-17', 26.3, 370.0);
